id,sync_batch,date,account,merchant,memo,amount
t_0001,1,2026-06-01,card,NORTHWIND PARTS 4471,NORTHWIND PARTS 4471,912.40
t_0002,1,2026-06-01,bank,TILLPOINT PAYOUT,TILLPOINT DAILY PAYOUT,-1840.25
t_0003,1,2026-06-02,card,NORTHWIND FREIGHT 88,NORTHWIND FREIGHT 88,64.10
t_0004,1,2026-06-02,bank,OAK STREET HOLDINGS LLC,ACH PAYMENT OAK STREET HOLDINGS,3200.00
t_0005,1,2026-06-03,card,FUELSTOP 0192,PENDING - FUELSTOP,1.00
t_0006,1,2026-06-03,bank,CITY POWER & LIGHT,AUTOPAY CITY POWER & LIGHT,412.90
t_0007,1,2026-06-04,bank,ONLINE PAYMENT TO CARD 7702,ONLINE PAYMENT TO CARD 7702,2500.00
t_0008,1,2026-06-04,card,PAYMENT RECEIVED,ONLINE PAYMENT - THANK YOU,-2500.00
t_0009,1,2026-06-05,card,Cascade Cycle Supply #12,CASCADE CYCLE SUPPLY,530.00
t_0010,1,2026-06-05,card,NORTHWIND PARTS 4471,NORTHWIND CREDIT DAMAGED RIMS,-120.50
t_0011,1,2026-06-08,bank,SHOPFRONT PAYOUT,SHOPFRONT WEEKLY PAYOUT,-655.80
t_0012,1,2026-06-08,card,BIGBOX ONLINE*4K2,BIGBOX ONLINE REFUND,-23.99
t_0013,1,2026-06-09,bank,TRANSFER TO SAVINGS 3301,ONLINE TRANSFER TO SAVINGS 3301,4000.00
t_0014,1,2026-06-09,card,RIVERBEND TOOLS,PENDING - RIVERBEND TOOLS,210.00
t_0015,1,2026-06-10,bank,PAYWELL,PAYWELL PAYROLL,5120.33
t_0016,1,2026-06-10,card,SHIFTBOARD,SHIFTBOARD MONTHLY,49.00
t_0017,1,2026-06-11,card,CASCADE CYCLE SUPPLY #12,PENDING - CASCADE CYCLE,300.00
t_0018,1,2026-06-11,bank,HARBOR INSURANCE,AUTOPAY HARBOR INSURANCE,188.00
t_0005,2,2026-06-03,card,FUELSTOP 0192,FUELSTOP 0192,48.17
t_0014,2,2026-06-09,card,RIVERBEND TOOLS,RIVERBEND TOOLS,210.00
t_0017,2,2026-06-11,card,CASCADE CYCLE SUPPLY #12,PENDING - CASCADE CYCLE,305.25
t_0019,2,2026-06-12,bank,TRANSFER FROM SAVINGS 3301,ONLINE TRANSFER FROM SAVINGS 3301,-1500.00
t_0020,2,2026-06-12,bank,TILLPOINT PAYOUT,TILLPOINT DAILY PAYOUT,-2011.60
t_0021,2,2026-06-15,bank,FIBERLINK BUSINESS,AUTOPAY FIBERLINK BUSINESS,129.99
t_0022,2,2026-06-15,card,CORNER CAFE,CORNER CAFE,18.40
t_0017,3,2026-06-11,card,CASCADE CYCLE SUPPLY #12,CASCADE CYCLE SUPPLY #12,298.75
